{
 "actions": [],
 "creation": "2017-08-10 15:38:00.080575",
 "doctype": "DocType",
 "editable_grid": 1,
 "engine": "InnoDB",
 "field_order": [
  "payment_term",
  "section_break_15",
  "description",
  "section_break_4",
  "due_date",
  "invoice_portion",
  "mode_of_payment",
  "column_break_5",
  "due_date_based_on",
  "credit_days",
  "credit_months",
  "section_break_6",
  "discount_date",
  "discount",
  "discount_type",
  "column_break_9",
  "discount_validity_based_on",
  "discount_validity",
  "section_break_9",
  "payment_amount",
  "outstanding",
  "paid_amount",
  "discounted_amount",
  "column_break_3",
  "base_payment_amount",
  "base_outstanding",
  "base_paid_amount"
 ],
 "fields": [
  {
   "columns": 2,
   "fieldname": "payment_term",
   "fieldtype": "Link",
   "in_list_view": 1,
   "label": "Payment Term",
   "options": "Payment Term",
   "print_hide": 1
  },
  {
   "columns": 2,
   "fetch_from": "payment_term.description",
   "fetch_if_empty": 1,
   "fieldname": "description",
   "fieldtype": "Small Text",
   "in_list_view": 1,
   "label": "Description"
  },
  {
   "columns": 2,
   "fieldname": "due_date",
   "fieldtype": "Date",
   "in_list_view": 1,
   "label": "Due Date",
   "reqd": 1
  },
  {
   "columns": 2,
   "fieldname": "invoice_portion",
   "fieldtype": "Percent",
   "in_list_view": 1,
   "label": "Invoice Portion",
   "print_hide": 1
  },
  {
   "columns": 2,
   "fieldname": "payment_amount",
   "fieldtype": "Currency",
   "in_list_view": 1,
   "label": "Payment Amount",
   "options": "currency",
   "reqd": 1
  },
  {
   "fieldname": "mode_of_payment",
   "fieldtype": "Link",
   "label": "Mode of Payment",
   "options": "Mode of Payment"
  },
  {
   "depends_on": "paid_amount",
   "fieldname": "paid_amount",
   "fieldtype": "Currency",
   "label": "Paid Amount",
   "options": "currency"
  },
  {
   "fieldname": "column_break_3",
   "fieldtype": "Column Break"
  },
  {
   "default": "0",
   "depends_on": "discounted_amount",
   "fieldname": "discounted_amount",
   "fieldtype": "Currency",
   "label": "Discounted Amount",
   "read_only": 1
  },
  {
   "fetch_from": "payment_amount",
   "fieldname": "outstanding",
   "fieldtype": "Currency",
   "label": "Outstanding",
   "options": "currency",
   "read_only": 1
  },
  {
   "fieldname": "column_break_5",
   "fieldtype": "Column Break"
  },
  {
   "depends_on": "discount",
   "fieldname": "discount_date",
   "fieldtype": "Date",
   "label": "Discount Date",
   "mandatory_depends_on": "discount"
  },
  {
   "default": "Percentage",
   "fetch_from": "payment_term.discount_type",
   "fieldname": "discount_type",
   "fieldtype": "Select",
   "label": "Discount Type",
   "options": "Percentage\nAmount"
  },
  {
   "fetch_from": "payment_term.discount",
   "fieldname": "discount",
   "fieldtype": "Float",
   "label": "Discount"
  },
  {
   "fieldname": "section_break_9",
   "fieldtype": "Section Break"
  },
  {
   "collapsible": 1,
   "fieldname": "section_break_15",
   "fieldtype": "Section Break",
   "label": "Description"
  },
  {
   "fieldname": "section_break_6",
   "fieldtype": "Section Break"
  },
  {
   "fieldname": "column_break_9",
   "fieldtype": "Column Break"
  },
  {
   "fieldname": "section_break_4",
   "fieldtype": "Section Break"
  },
  {
   "fieldname": "base_payment_amount",
   "fieldtype": "Currency",
   "label": "Payment Amount (Company Currency)",
   "options": "Company:company:default_currency"
  },
  {
   "fieldname": "base_outstanding",
   "fieldtype": "Currency",
   "label": "Outstanding (Company Currency)",
   "options": "Company:company:default_currency",
   "read_only": 1
  },
  {
   "depends_on": "base_paid_amount",
   "fieldname": "base_paid_amount",
   "fieldtype": "Currency",
   "label": "Paid Amount (Company Currency)",
   "options": "Company:company:default_currency",
   "read_only": 1
  },
  {
   "fieldname": "due_date_based_on",
   "fieldtype": "Select",
   "label": "Due Date Based On",
   "options": "\nDay(s) after invoice date\nDay(s) after the end of the invoice month\nMonth(s) after the end of the invoice month",
   "read_only": 1
  },
  {
   "depends_on": "eval:in_list(['Day(s) after invoice date', 'Day(s) after the end of the invoice month'], doc.due_date_based_on)",
   "fieldname": "credit_days",
   "fieldtype": "Int",
   "label": "Credit Days",
   "non_negative": 1,
   "read_only": 1
  },
  {
   "depends_on": "eval:doc.due_date_based_on=='Month(s) after the end of the invoice month'",
   "fieldname": "credit_months",
   "fieldtype": "Int",
   "label": "Credit Months",
   "non_negative": 1,
   "read_only": 1
  },
  {
   "depends_on": "discount",
   "fieldname": "discount_validity_based_on",
   "fieldtype": "Select",
   "label": "Discount Validity Based On",
   "options": "\nDay(s) after invoice date\nDay(s) after the end of the invoice month\nMonth(s) after the end of the invoice month",
   "read_only": 1
  },
  {
   "depends_on": "discount_validity_based_on",
   "fieldname": "discount_validity",
   "fieldtype": "Int",
   "label": "Discount Validity",
   "read_only": 1
  }
 ],
 "index_web_pages_for_search": 1,
 "istable": 1,
 "links": [],
 "modified": "2025-07-31 08:38:25.820701",
 "modified_by": "Administrator",
 "module": "Accounts",
 "name": "Payment Schedule",
 "owner": "Administrator",
 "permissions": [],
 "quick_entry": 1,
 "row_format": "Dynamic",
 "sort_field": "creation",
 "sort_order": "DESC",
 "states": [],
 "track_changes": 1
}
