{
 "chart_name": "Profit and Loss",
 "chart_type": "Report",
 "creation": "2025-04-01 20:38:16.986176",
 "docstatus": 0,
 "doctype": "Dashboard Chart",
 "dynamic_filters_json": "{\"company\":\"frappe.defaults.get_user_default(\\\"Company\\\")\",\"from_fiscal_year\":\"erpnext.utils.get_fiscal_year()\",\"to_fiscal_year\":\"erpnext.utils.get_fiscal_year()\"}",
 "filters_json": "{\"filter_based_on\":\"Fiscal Year\",\"period_start_date\":\"2020-04-01\",\"period_end_date\":\"2021-03-31\",\"periodicity\":\"Yearly\",\"include_default_book_entries\":1}",
 "idx": 0,
 "is_public": 1,
 "is_standard": 1,
 "modified": "2025-12-19 12:37:31.673782",
 "modified_by": "Administrator",
 "module": "Accounts",
 "name": "Profit and Loss",
 "number_of_groups": 0,
 "owner": "Administrator",
 "report_name": "Profit and Loss Statement",
 "roles": [],
 "show_values_over_chart": 1,
 "timeseries": 0,
 "type": "Line",
 "use_report_chart": 1,
 "y_axis": []
}
