{
 "actions": [],
 "creation": "2016-06-15 15:56:30.815503",
 "doctype": "DocType",
 "editable_grid": 1,
 "engine": "InnoDB",
 "field_order": [
  "account",
  "cost_center",
  "amount",
  "column_break_2",
  "is_exchange_gain_loss",
  "description"
 ],
 "fields": [
  {
   "fieldname": "account",
   "fieldtype": "Link",
   "in_list_view": 1,
   "label": "Account",
   "options": "Account",
   "reqd": 1
  },
  {
   "fieldname": "cost_center",
   "fieldtype": "Link",
   "in_list_view": 1,
   "label": "Cost Center",
   "options": "Cost Center",
   "print_hide": 1,
   "reqd": 1
  },
  {
   "fieldname": "amount",
   "fieldtype": "Currency",
   "in_list_view": 1,
   "label": "Amount (Company Currency)",
   "options": "Company:company:default_currency",
   "reqd": 1
  },
  {
   "fieldname": "column_break_2",
   "fieldtype": "Column Break"
  },
  {
   "fieldname": "description",
   "fieldtype": "Small Text",
   "label": "Description"
  },
  {
   "default": "0",
   "depends_on": "eval:doc.is_exchange_gain_loss",
   "fieldname": "is_exchange_gain_loss",
   "fieldtype": "Check",
   "label": "Is Exchange Gain / Loss?",
   "read_only": 1
  }
 ],
 "index_web_pages_for_search": 1,
 "istable": 1,
 "links": [],
 "modified": "2025-08-13 06:52:46.130142",
 "modified_by": "Administrator",
 "module": "Accounts",
 "name": "Payment Entry Deduction",
 "owner": "Administrator",
 "permissions": [],
 "quick_entry": 1,
 "row_format": "Dynamic",
 "sort_field": "creation",
 "sort_order": "DESC",
 "states": []
}
