{
 "actions": [],
 "allow_rename": 1,
 "creation": "2025-10-12 23:31:03.841996",
 "doctype": "DocType",
 "editable_grid": 1,
 "engine": "InnoDB",
 "field_order": [
  "start_date",
  "end_date",
  "amount",
  "percent"
 ],
 "fields": [
  {
   "fieldname": "start_date",
   "fieldtype": "Date",
   "in_list_view": 1,
   "label": "Start Date",
   "read_only": 1,
   "search_index": 1
  },
  {
   "fieldname": "end_date",
   "fieldtype": "Date",
   "in_list_view": 1,
   "label": "End Date",
   "read_only": 1
  },
  {
   "fieldname": "amount",
   "fieldtype": "Currency",
   "in_list_view": 1,
   "label": "Amount"
  },
  {
   "fieldname": "percent",
   "fieldtype": "Percent",
   "in_list_view": 1,
   "label": "Percent"
  }
 ],
 "grid_page_length": 50,
 "index_web_pages_for_search": 1,
 "istable": 1,
 "links": [],
 "modified": "2025-11-03 13:18:28.398198",
 "modified_by": "Administrator",
 "module": "Accounts",
 "name": "Budget Distribution",
 "owner": "Administrator",
 "permissions": [],
 "row_format": "Dynamic",
 "rows_threshold_for_grid_search": 20,
 "sort_field": "creation",
 "sort_order": "DESC",
 "states": []
}
